Workbook

Sheet CONSOLIDADO
A1: CONSOLIDADO — INVENTARIO DE PAPELERÍA
A2: Los totales se actualizan automáticamente al llenar cada hoja de sitio
A3: Artículo | B3: HGR 46 Total | C3: HGR 46 Bueno | D3: UMAA 52 Total | E3: UMAA 52 Bueno | F3: HGR 180 Total | G3: HGR 180 Bueno | H3: TOTAL GENERAL | I3: Fotos Recibidas
A4: Tijeras | B4: ='HGR 46'!B5 -> 0 | C4: ='HGR 46'!C5 -> 0 | D4: ='UMAA 52'!B5 -> 0 | E4: ='UMAA 52'!C5 -> 0 | F4: ='HGR 180'!B5 -> 0 | G4: ='HGR 180'!C5 -> 0 | H4: =B4+D4+F4 -> 0
A5: Cutter | B5: ='HGR 46'!B6 -> 0 | C5: ='HGR 46'!C6 -> 0 | D5: ='UMAA 52'!B6 -> 0 | E5: ='UMAA 52'!C6 -> 0 | F5: ='HGR 180'!B6 -> 0 | G5: ='HGR 180'!C6 -> 0 | H5: =B5+D5+F5 -> 0
A6: Perforadora | B6: ='HGR 46'!B7 -> 0 | C6: ='HGR 46'!C7 -> 0 | D6: ='UMAA 52'!B7 -> 0 | E6: ='UMAA 52'!C7 -> 0 | F6: ='HGR 180'!B7 -> 0 | G6: ='HGR 180'!C7 -> 0 | H6: =B6+D6+F6 -> 0
A7: Engrapadora | B7: ='HGR 46'!B8 -> 0 | C7: ='HGR 46'!C8 -> 0 | D7: ='UMAA 52'!B8 -> 0 | E7: ='UMAA 52'!C8 -> 0 | F7: ='HGR 180'!B8 -> 0 | G7: ='HGR 180'!C8 -> 0 | H7: =B7+D7+F7 -> 0
A8: Plumas | B8: ='HGR 46'!B9 -> 0 | C8: ='HGR 46'!C9 -> 0 | D8: ='UMAA 52'!B9 -> 0 | E8: ='UMAA 52'!C9 -> 0 | F8: ='HGR 180'!B9 -> 0 | G8: ='HGR 180'!C9 -> 0 | H8: =B8+D8+F8 -> 0
A9: Lápices | B9: ='HGR 46'!B10 -> 0 | C9: ='HGR 46'!C10 -> 0 | D9: ='UMAA 52'!B10 -> 0 | E9: ='UMAA 52'!C10 -> 0 | F9: ='HGR 180'!B10 -> 0 | G9: ='HGR 180'!C10 -> 0 | H9: =B9+D9+F9 -> 0
A10: Marcadores | B10: ='HGR 46'!B11 -> 0 | C10: ='HGR 46'!C11 -> 0 | D10: ='UMAA 52'!B11 -> 0 | E10: ='UMAA 52'!C11 -> 0 | F10: ='HGR 180'!B11 -> 0 | G10: ='HGR 180'!C11 -> 0 | H10: =B10+D10+F10 -> 0
A11: Corrector (líquido) | B11: ='HGR 46'!B12 -> 0 | C11: ='HGR 46'!C12 -> 0 | D11: ='UMAA 52'!B12 -> 0 | E11: ='UMAA 52'!C12 -> 0 | F11: ='HGR 180'!B12 -> 0 | G11: ='HGR 180'!C12 -> 0 | H11: =B11+D11+F11 -> 0
A12: Borrador | B12: ='HGR 46'!B13 -> 0 | C12: ='HGR 46'!C13 -> 0 | D12: ='UMAA 52'!B13 -> 0 | E12: ='UMAA 52'!C13 -> 0 | F12: ='HGR 180'!B13 -> 0 | G12: ='HGR 180'!C13 -> 0 | H12: =B12+D12+F12 -> 0
A13: Regla | B13: ='HGR 46'!B14 -> 0 | C13: ='HGR 46'!C14 -> 0 | D13: ='UMAA 52'!B14 -> 0 | E13: ='UMAA 52'!C14 -> 0 | F13: ='HGR 180'!B14 -> 0 | G13: ='HGR 180'!C14 -> 0 | H13: =B13+D13+F13 -> 0
A14: Clips (caja) | B14: ='HGR 46'!B15 -> 0 | C14: ='HGR 46'!C15 -> 0 | D14: ='UMAA 52'!B15 -> 0 | E14: ='UMAA 52'!C15 -> 0 | F14: ='HGR 180'!B15 -> 0 | G14: ='HGR 180'!C15 -> 0 | H14: =B14+D14+F14 -> 0
A15: Ligas (bolsa) | B15: ='HGR 46'!B16 -> 0 | C15: ='HGR 46'!C16 -> 0 | D15: ='UMAA 52'!B16 -> 0 | E15: ='UMAA 52'!C16 -> 0 | F15: ='HGR 180'!B16 -> 0 | G15: ='HGR 180'!C16 -> 0 | H15: =B15+D15+F15 -> 0
... A18: Hojas blancas | B18: ='HGR 46'!B19 -> 0 | C18: ='HGR 46'!C19 -> 0 | D18: ='UMAA 52'!B19 -> 0 | E18: ='UMAA 52'!C19 -> 0 | F18: ='HGR 180'!B19 -> 0 | G18: ='HGR 180'!C19 -> 0 | H18: =B18+D18+F18 -> 0
A19: Post-it | B19: ='HGR 46'!B22 -> 0 | C19: ='HGR 46'!C22 -> 0 | D19: ='UMAA 52'!B22 -> 0 | E19: ='UMAA 52'!C22 -> 0 | F19: ='HGR 180'!B22 -> 0 | G19: ='HGR 180'!C22 -> 0 | H19: =B19+D19+F19 -> 0
A20: Cinta adhesiva (scotch) | B20: ='HGR 46'!B23 -> 0 | C20: ='HGR 46'!C23 -> 0 | D20: ='UMAA 52'!B23 -> 0 | E20: ='UMAA 52'!C23 -> 0 | F20: ='HGR 180'!B23 -> 0 | G20: ='HGR 180'!C23 -> 0 | H20: =B20+D20+F20 -> 0
A21: Cinta canela | B21: ='HGR 46'!B24 -> 0 | C21: ='HGR 46'!C24 -> 0 | D21: ='UMAA 52'!B24 -> 0 | E21: ='UMAA 52'!C24 -> 0 | F21: ='HGR 180'!B24 -> 0 | G21: ='HGR 180'!C24 -> 0 | H21: =B21+D21+F21 -> 0
A22: Sacapuntas | B22: ='HGR 46'!B25 -> 0 | C22: ='HGR 46'!C25 -> 0 | D22: ='UMAA 52'!B25 -> 0 | E22: ='UMAA 52'!C25 -> 0 | F22: ='HGR 180'!B25 -> 0 | G22: ='HGR 180'!C25 -> 0 | H22: =B22+D22+F22 -> 0
A23: Grapas (caja) | B23: ='HGR 46'!B26 -> 0 | C23: ='HGR 46'!C26 -> 0 | D23: ='UMAA 52'!B26 -> 0 | E23: ='UMAA 52'!C26 -> 0 | F23: ='HGR 180'!B26 -> 0 | G23: ='HGR 180'!C26 -> 0 | H23: =B23+D23+F23 -> 0
A24: Desengrapador | B24: ='HGR 46'!B27 -> 0 | C24: ='HGR 46'!C27 -> 0 | D24: ='UMAA 52'!B27 -> 0 | E24: ='UMAA 52'!C27 -> 0 | F24: ='HGR 180'!B27 -> 0 | G24: ='HGR 180'!C27 -> 0 | H24: =B24+D24+F24 -> 0
A25: Sello fechador | B25: ='HGR 46'!B28 -> 0 | C25: ='HGR 46'!C28 -> 0 | D25: ='UMAA 52'!B28 -> 0 | E25: ='UMAA 52'!C28 -> 0 | F25: ='HGR 180'!B28 -> 0 | G25: ='HGR 180'!C28 -> 0 | H25: =B25+D25+F25 -> 0
A26: Almohadilla para sello | B26: ='HGR 46'!B29 -> 0 | C26: ='HGR 46'!C29 -> 0 | D26: ='UMAA 52'!B29 -> 0 | E26: ='UMAA 52'!C29 -> 0 | F26: ='HGR 180'!B29 -> 0 | G26: ='HGR 180'!C29 -> 0 | H26: =B26+D26+F26 -> 0

Sheet HGR 46
A1: INVENTARIO DE PAPELERÍA — HGR 46
A2: Nombre de quien reporta:
A3: Fecha de reporte:
A4: Artículo | B4: Cantidad Total | C4: En Buen Estado | D4: En Estado Regular | E4: En Mal Estado | F4: No Tiene | G4: Observaciones | H4: Foto Entregada
A5: Tijeras
A6: Cutter
A7: Perforadora
A8: Engrapadora
A9: Plumas
A10: Lápices
A11: Marcadores
A12: Corrector (líquido)
A13: Borrador
A14: Regla
A15: Clips (caja)
A16: Ligas (bolsa)
... A31: 📋 ESTADOS: Bueno = funciona perfectamente | Regular = funciona con dificultad | Malo = no funciona | No tiene = artículo ausente

Sheet UMAA 52
A1: INVENTARIO DE PAPELERÍA — UMAA 52
A2: Nombre de quien reporta:
A3: Fecha de reporte:
A4: Artículo | B4: Cantidad Total | C4: En Buen Estado | D4: En Estado Regular | E4: En Mal Estado | F4: No Tiene | G4: Observaciones | H4: Foto Entregada
A5: Tijeras
A6: Cutter
A7: Perforadora
A8: Engrapadora
A9: Plumas
A10: Lápices
A11: Marcadores
A12: Corrector (líquido)
A13: Borrador
A14: Regla
A15: Clips (caja)
A16: Ligas (bolsa)
... A31: 📋 ESTADOS: Bueno = funciona perfectamente | Regular = funciona con dificultad | Malo = no funciona | No tiene = artículo ausente

Sheet HGR 180
A1: INVENTARIO DE PAPELERÍA — HGR 180
A2: Nombre de quien reporta:
A3: Fecha de reporte:
A4: Artículo | B4: Cantidad Total | C4: En Buen Estado | D4: En Estado Regular | E4: En Mal Estado | F4: No Tiene | G4: Observaciones | H4: Foto Entregada
A5: Tijeras
A6: Cutter
A7: Perforadora
A8: Engrapadora
A9: Plumas
A10: Lápices
A11: Marcadores
A12: Corrector (líquido)
A13: Borrador
A14: Regla
A15: Clips (caja)
A16: Ligas (bolsa)
... A31: 📋 ESTADOS: Bueno = funciona perfectamente | Regular = funciona con dificultad | Malo = no funciona | No tiene = artículo ausente
